Name,Price,Category
1 Heart-shaped Glass Vase,130,General
2 Heart-shaped Glass Vase,190,General
3 Heart-shaped Glass Vase,220,General
AB001 - Ribbed Vase,180,Ceramics
AB002 - Geo Vase,200,Ceramics
AB003 - Skinny Vase,180,Ceramics
AB004 - Shell(S),80,Ceramics
AB005 - Shell(M),100,Ceramics
AB006 - Tbag (S),80,Ceramics
AB007 - Wavey Rectangular,150,Ceramics
AB008 - Flower Pot (S),150,Ceramics
AB009 - Cube Mug,150,Ceramics
AB010 - Egg Cup,50,Ceramics
AB011 - Salt and Pepper Couple,150,Ceramics
AB012 - Cat Spoon rest,100,Ceramics
AB013 - Toast,100,Ceramics
AB014 - Heart Plate,150,Ceramics
AB015 - Heart Dish,100,Ceramics
AB016 - Grater,100,Ceramics
AB017 - Hand,350,Ceramics
AB018 - Spoon rest,120,Ceramics
AB019 - No handle cup,150,Ceramics
AB020 - Odd bowl,200,Ceramics
AB021 - Rhino,350,Ceramics
AB022 - Elephant,200,Ceramics
AB023 - Rabit,250,Ceramics
AB024 - Rimmless side plate,150,Ceramics
AB025 - Large Country Cup,150,Ceramics
AB026 - Round water Jug (L),250,Ceramics
AB027 - Round water Jug (M),200,Ceramics
AB028 - Round water Jug (S),150,Ceramics
AB029 - 14 cm plate,100,Ceramics
AB030 - Deep dinner plate,250,Ceramics
AB031 - Smal Sushi plate,200,Ceramics
AB032 - Wall heart,200,Ceramics
AB033 - Large Oival bowl,200,Ceramics
AB034 - 23cm Lace plate,200,Ceramics
AB035 - Bread lace,250,Ceramics
AB036 - Small rectangulat platter,180,Ceramics
AB037 - Soup mug,150,Ceramics
AB038 - Breakfast Cup,180,Ceramics
AB039 - Country cup smaller,150,Ceramics
AB040 - Utensil holder,120,Ceramics
Almond / Oat Milk,9,Add-ons
Americano,34,Coffee
Anemone Double Mixed Colours Cut Flower Corms,140,Tubers and Corms
Anemone Single Mixed Colours Cut Flower Corms,129.99,Tubers and Corms
Assorted Fudge turndowns,6,General
Autumn Fairy Dahlia,95,Dahlia Tubers - Bethany Blooms Grown
B031,70,Ceramics
B032,50,Ceramics
B120,5,Ceramics
B215,120,Ceramics
B235,150,Ceramics
B255,150,Ceramics
Bar One,65,Food
Belle of Barmera Dahlia,148,Dahlia Tubers - Bethany Blooms Grown
Berry - Picasso,65,Food
Boom Boom Bloom,15,Cut flowers
Boom Boom Dahlia,80,Dahlia Tubers - Bethany Blooms Grown
Border Carola Dahlia,85,Dahlia Tubers - Bethany Blooms Grown
BRAAI AND COOKING SALT MINI GRINDER,34.5,General
Bristol Stripe Bloom,25,Cut flowers
Buckets,25,Uncategorised
C-Jay Bloom,15,Cut flowers
C5,300,Ceramics
C6,200,Ceramics
C6 -250,250,Ceramics
C7 - 250,250,Ceramics
C8,200,Ceramics
Café au Lait Dahlia,150,Dahlia Tubers - Bethany Blooms Grown
Café au Lait Royal Dahlia,150,Dahlia Tubers - Bethany Blooms Grown
Café au Late Bloom,25,Cut flowers
Caffè Latte,38,Coffee
Cake in cup,65,Food
Capichino special,32,Drinks
Cappuccino,42,Coffee
Cappuccino Special,32,Coffee
Caramel - Picasso,65,Food
Caramel Cappuccino,52,Coffee
Celoisia Filler,0,Cut flowers
Centre Court Bloom,15,Cut flowers
Centre Court Dahlia,80,Dahlia Tubers - Bethany Blooms Grown
Chai Latte,46,Coffee
Cheerio Cactus Dahlia,85,Dahlia Tubers - Bethany Blooms Grown
Cheese Croissant,35,Food
Cheese Griller Hotdog,40,Food
Cheese Toasted Sandwich,30,Food
Chicken Mayo & Cheese Toasted Sandwich,55,Food
Chicken Strips,45,Food
Chocolate Croissant,35,Food
Chocolate volcano,45,Food
CJ’s Dahlia,95,Dahlia Tubers - Bethany Blooms Grown
Coffee and cake special,85,Drinks
Coffee and croissant,65,Drinks
Coral Tuin Bloom,15,Cut flowers
Coral Tuin Dahlia,95,Dahlia Tubers - Bethany Blooms Grown
Cornel Bronze Dahlia,95,Dahlia Tubers - Bethany Blooms Grown
Cornel Red Bloom,15,Cut flowers
Cornel Red Dahlia,95,Dahlia Tubers - Bethany Blooms Grown
CR 2 120,120,Ceramics
CR1 - Paint only,60,Ceramics
CR1 - Underglaze and Fire,80,Ceramics
CR2 - Just Paint,80,Ceramics
CR2 - Underglaze and Fire,100,Ceramics
CR3 - Underglaze and Fire 120,120,Ceramics
CR3 - Underglaze and Fire 130,130,Ceramics
CR3 - Underglaze and Fire 150,150,Ceramics
CR3 - Underglaze and Fire 200,200,Ceramics
CR4 -  170,170,Ceramics
CR5 - Underglaze and Fire,250,Ceramics
Cream,9,Coffee
Croissant,25,Food
Diva US Dahlia,120,Dahlia Tubers - Bethany Blooms Grown
Double Shot Espresso,28,Coffee
Dream Chasers,300,General
Edinburgh Dahlia,95,Dahlia Tubers - Bethany Blooms Grown
Espresso Shot,14,Coffee
"Evita Se Perron, Cruncies",60,General
"Evita Se Perron, Fudge Koekies",60,General
"Evita Se Perron, Ginger Biscuits",60,General
"Evita Se Perron, Soetkoekies",60,General
"Evita Se Perron, Vlakoekies",60,General
Extra Shot,9,Add-ons
Five Roses / Rooibos,24,Coffee
Flat White,36,Coffee
"Flavoured Syrup: Vanilla, Caramel, Hazelnut",9,Add-ons
Floral Frame,0,General
Flower Container,79.99,Flowers
Flower Frog,45,General
Flower Frog,45,Flowers
FOUR PACK MINI GIFT SET – DANKIE | THANK YOU | ENKOSI,215,General
Frame Large,370,Pressed flower DIY
Frame Medium,270,Pressed flower DIY
Frame Small,180,Pressed flower DIY
Frost Nip Dahlia,135,Dahlia Tubers - Bethany Blooms Grown
Fudge,6,General
Gift card,0,General
Ham & Cheese Toasted Sandwich,40,Food
"Ham, Cheese & Tomato Toasted Sandwich",45,Food
Hamari Gold Dahlia,135,Dahlia Tubers - Bethany Blooms Grown
Hazel shot,9,Drinks
HazelNut Cappuccino,52,Coffee
HIMALAYAN AND HERB SALT MINI GRINDER,34.5,General
Hot Chocolate,48,Coffee
Iced Coffee,45,Coffee
Iced Latte,45,Coffee
Ink Pad,50,General
Isabel Dahlia,95,Dahlia Tubers - Bethany Blooms Grown
Ivanetti Dahlia,95,Dahlia Tubers - Bethany Blooms Grown
Juice,35,Drinks
Kona Dahlia,95,Dahlia Tubers - Bethany Blooms Grown
Labyrinth Bloom,25,Cut flowers
Labyrinth Dahlia,180,Dahlia Tubers - Bethany Blooms Grown
Large - Ranunculus Plant,80,General
Magenta Ranunculus Cut Flower Tubers,140,Tubers and Corms
Mahogany Ranunculus Cut Flower Tubers,140,Tubers and Corms
Melktert Fudge 115g,50,General
Milkshake,55,Drinks
Milkshake,55,Drinks
Mini Film Plain,20,General
Mixed Colour Ranunculus Corms,140,Tubers and Corms
Mocha,48,Coffee
Moerkoffie Fudge 115g,50,General
Muchacha Bloom,15,Cut flowers
Muchacha Dahlia,95,Dahlia Tubers - Bethany Blooms Grown
Nepos Dahlia,95,Dahlia Tubers - Bethany Blooms Grown
Nuggets & Smiles,45,Food
Orange Cactus Dahlia,85,Dahlia Tubers - Bethany Blooms Grown
Orange Ranunculus Cut Flower Tubers,140,Tubers and Corms
Otto’s Thrill Dahlia,135,Dahlia Tubers - Bethany Blooms Grown
Park Princess Dahlia,95,Dahlia Tubers - Bethany Blooms Grown
Pink Cactus Dahlia,115,Dahlia Tubers - Bethany Blooms Grown
Pink Pearl Bloom,15,Cut flowers
Pink Ranunculus Cut Flower Tubers,140,Tubers and Corms
Pink Sylvia Bloom,15,Cut flowers
Pink Sylvia Dahlia,95,Dahlia Tubers - Bethany Blooms Grown
Poloroid,20,General
Pressed Flower Blue,90,Pressed flower DIY
Pressed Flower Kit,300,Pressed flower DIY
Pressed Flower Orange,90,Pressed flower DIY
Pressed Flower Pink,90,Pressed flower DIY
Pressed Flower Purple,90,Pressed flower DIY
Pressed Flower Red,90,Pressed flower DIY
Pressed Flower Yellow,90,Pressed flower DIY
Pressed Flowers White,90,Pressed flower DIY
Preview Dahlia Bunch,95,Preview POS Flowers
Preview Garden Rose Bouquet,125,Preview POS Flowers
Preview Satin Ribbon Add-on,35,Preview POS Add-ons
Pumpkin,20,Uncategorised
RAINBOW PEPPERCORNS MINI GRINDER,34.5,General
Raspberry Cake,65,Food
Red Ball Dahlia,85,Dahlia Tubers - Bethany Blooms Grown
Red Cactus Dahlia,85,Dahlia Tubers - Bethany Blooms Grown
Red Cappuccino,44,Coffee
Red Ranunculus Cut Flower Tubers,140,Tubers and Corms
Rooibos Fudge 115g,50,General
Salmon Ranunculus Cut Flower Tubers,140,Tubers and Corms
Salted Carmel fudge,50,General
Salted Soft Caramels,90,General
Scone with Jam & Cheese,35,Food
Silver Years Bloom,15,Cut flowers
Silver Years Dahlia,95,Dahlia Tubers - Bethany Blooms Grown
Slice of Cake,0,Food
Small - Ranunculus Plant,40,General
Soft Drinks,25,Drinks
Statice Art Filler,5,Cut flowers
Still / Sparkling Water,20,Drinks
Strawberries & Cream Fudge 115g,50,General
Strawberry Cheese Cake,45,Food
Strawflowers Bloom,5,Cut flowers
Sun-Kissed Dahlia Collection,950,Dahlia Tubers - Bethany Blooms Grown
Sweet Natalie Dahlia,95,Dahlia Tubers - Bethany Blooms Grown
The Card & Bag & Spoon Gift,70,General
TILE,100,Ceramics
Tips,1353,General
Tips,33,Uncategorised
Toasted Bread,20,Food
Traditional Fudge 115g,50,General
TRAVELING TINY TASTER 5-PACK,190,General
Vanilla Cappuccino,52,Coffee
Vase,70,Flowers
Vase Vintage Desktop 1 Heart,100,General
Vase Vintage Desktop 2 Heart,150,General
Vase with Wooden Stand,100,General
VINO BRAAI AND COOKING SALT MINI GRINDER,34.5,General
White lace Filler,10,Cut flowers
White Ranunculus Cut Flower Tubers,140,Tubers and Corms
Wild Bloom Reinette Bloom,15,Cut flowers
Wild Bloom Reinette Dahlia,80,Dahlia Tubers - Bethany Blooms Grown
Wrapping,25,Uncategorised
Yellow Cactus Dahlia,85,Dahlia Tubers - Bethany Blooms Grown
Yellow Ranunculus Cut Flower Tubers,140,Tubers and Corms
Zinnia Bloom,5,Cut flowers
